{
    "sources": [
        {
            "DOI": "10.1093/comjnl/27.2.97",
            "ISSN": "0010-4620",
            "URL": "https://doi.org/10.1093/comjnl/27.2.97",
            "author": [
                {
                    "family": "Knuth",
                    "given": "Donald E."
                }
            ],
            "container-title": "Comput. J.",
            "id": "knuth84",
            "issue": "2",
            "issued": {
                "date-parts": [
                    [
                        1984,
                        5
                    ]
                ]
            },
            "page": "97-111",
            "publisher": "Oxford University Press, Inc.",
            "publisher-place": "USA",
            "title": "Literate programming",
            "type": "article-journal",
            "volume": "27"
        },
        {
            "author": [
                {
                    "family": "Wilkinson",
                    "given": "Leland"
                }
            ],
            "id": "wilkinson2012grammar",
            "issued": {
                "date-parts": [
                    [
                        2012
                    ]
                ]
            },
            "publisher": "Springer",
            "title": "The grammar of graphics",
            "type": "book"
        },
        {
            "author": [
                {
                    "family": "Bush",
                    "given": "Sarah Sunn"
                },
                {
                    "family": "Clayton",
                    "given": "Amanda"
                }
            ],
            "container-title": "American Political Science Review",
            "id": "bush2023facing",
            "issue": "2",
            "issued": {
                "date-parts": [
                    [
                        2023
                    ]
                ]
            },
            "page": "591-608",
            "publisher": "Cambridge University Press",
            "title": "Facing change: Gender and climate change attitudes worldwide",
            "title-short": "Facing change",
            "type": "article-journal",
            "volume": "117"
        }
    ],
    "project_biblios": [
        "references.bib"
    ]
}